x,y,label
22.726568063482354,50.30288320352919,A
59.20295607679964,77.38082126957394,B
90.85409358371066,29.2275618389784,B
16.771168158976135,64.11488079508828,A
29.305835081738195,86.11843734404351,A
7.039977909435102,43.47727734703608,A
56.47842945269762,58.525110638567746,B
95.89066689813792,90.96162522849114,A
74.23736482051525,67.45311781003919,B
56.57794457805697,23.495396349427423,A
45.8364368851054,18.43527147995221,B
43.52774332503081,39.050567248624866,A
79.31873574005121,55.95097404074221,B
77.85904400986809,56.61682109757835,B
58.311385541398764,62.032177552308845,B
40.783898576628886,38.61567541673866,A
90.34701316585281,84.71238176334691,A
92.18346762917203,11.039418813975866,A
29.39069384360531,70.5995821176822,A
76.99451975719484,88.0990467124615,A
55.84230558265762,17.449474104428063,B
56.224328070589934,77.85050897149561,A
76.1350536034745,26.615286805907168,A
50.865841793087476,53.14108019407555,A
9.382248542655036,17.655724872032742,A
58.930640558225754,90.06223271714397,B
91.34964620361593,43.594090811903726,A
11.304716279326076,0.7287703151725222,A
77.10600369790782,45.957994210118656,A
46.67309618944593,7.1987389396170665,A
43.887009055145185,45.17036162181447,B
27.089280542417114,70.94981616699154,A
28.169894364370485,80.73310485580603,B
65.88899557341576,0.9457727649959113,B
18.548785013587697,32.71938161015125,A
94.76219635806945,54.0697385026657,A
75.25544007464167,50.20903956377586,B
0.3874641392686562,75.5709219620338,A
3.8988204854875086,9.377410341963266,A
89.28391067776602,55.362275595049304,B
3.9659521217777383,1.712122036987218,B
16.618866389729437,77.38331816881477,A
29.919036804218546,88.26988192319651,B
53.79927442564549,78.27044424728022,B
39.69703323850003,90.70507348760918,A
0.7291806432243364,95.1256637722389,B
61.58649071614296,78.44808703504845,A
12.374618536391214,63.586584275458534,B
45.19578163314747,38.79827077033126,A
11.118732019131928,55.67587849900389,B
70.42737058026668,16.371264628967065,A
86.4884751379168,0.011410686679591553,A
36.107649518049335,38.04225956890329,B
43.72742488692594,20.82801641576405,B
83.77272100592195,94.23642072286222,A
47.55109360573789,36.61768288295273,B
64.70247364187715,32.63730747700004,B
97.50900717496769,62.64963736254384,A
62.76922559303316,93.94566212081612,B
13.289101149332694,70.56288837905625,A
27.076566644278333,77.75337030938363,B
54.980995423575266,8.105481959396633,A
98.48928190889939,21.679492716429394,B
44.3124792441744,45.35196735850886,A
50.22383547901262,56.48493718053541,A
53.352700018252385,30.708342062270265,A
60.44992181161669,29.124422949052175,B
52.469898450496146,49.27942991253727,B
31.013645573796534,31.94883427422862,B
51.92704457958535,30.75630445153701,A
37.333460725495996,53.57323891587924,A
10.621990801392013,12.255195110368533,B
11.24845469490382,26.28213368154033,A
54.23944658026547,7.569680241697119,B
86.94123928965519,8.698551773987905,A
0.24807816095523405,29.095408850121242,A
1.5702465249842645,22.33162366389292,A
84.06703841881156,92.52760073088072,B
89.75310462803559,27.346309761416176,A
96.70390554923509,29.186968938155623,B
15.014630335894385,3.1606181605591255,A
46.22447067025766,75.08710972142569,B
65.43876414970833,82.45574363903349,A
64.76624538333894,24.97471677867812,B
56.50520838484723,20.179585350448882,A
37.34045560366289,84.75231967397646,A
88.24791095306593,83.32507571456931,A
19.65272183909018,27.99440347837664,A
74.41720453036004,55.143314631129435,B
52.79861941657732,61.38952175816988,A
9.759267148728611,7.1243700358394,B
8.278836660663325,32.064223557207924,B
30.92542221685771,47.24682810453737,B
40.06240185961031,30.246059909740698,A
7.108479474960594,70.3850316398623,B
42.51617797229223,35.55923007897079,A
77.14323588652252,63.46826119302407,A
53.93980048219651,99.7215829783484,B
1.6376114426340571,60.477644016972135,A
16.614066540427697,28.837355313026116,B
42.94073484607635,86.01058737382114,B
27.228854861495797,40.725344524303765,B
9.09283219739554,35.86359795582326,A
0.5682271711851761,95.50917703367996,A
17.804293553132933,72.17060876132541,A
58.58091976206033,20.55901686387913,B
79.78705113627645,22.619471621882624,A
59.69202723071149,2.8278650220519896,B
48.29265622686272,62.66324964182501,B
52.54425321842837,66.42770004709742,B
14.431633068398774,37.59228378606423,A
22.742807275092936,19.338211935407536,B
64.41733753120057,12.638001241340913,B
87.01742235424663,23.91018233982727,A
96.54840134564738,87.76331747236024,A
96.62294167032222,76.51057976778195,A
26.34410410117446,58.320874322384896,B
4.997975488707496,76.80725246621829,A
50.25010801598759,20.141585258474336,B
68.84567970709132,99.60227659758951,A
37.88470309796801,13.816165323080366,A
85.39185256232783,68.06036129269955,B
28.25544971816334,72.29295581094476,A
89.73232878171945,96.76519832889608,A
10.741798018726634,6.714268941257195,B
44.910606612648685,71.68601963155893,B
45.802267594476994,84.79614122429014,A
33.55481326847502,22.766283350051474,B
60.510202324526674,1.46222525305163,B
56.73525598528706,97.73492527164139,A
92.27858900660948,59.959162121392026,A
2.0425980453436465,72.4518294645551,A
65.88301035312412,92.55524763750245,A
63.49951638845881,73.13026906635535,A
3.965037041899966,36.155755811072396,A
65.9748192159445,45.87705044383084,B
24.403026276671724,58.04350488286153,B
81.0055900532673,31.181277290765152,B
4.58223315672609,74.37006646825884,A
5.939204039406931,90.92850717519518,B
24.990311861662118,20.305621683634058,B
52.32111729007997,11.955971918145503,B
40.77937542737528,63.4881273887664,B
46.25240335971884,91.95548516948388,B
37.45542443784973,31.638438803085222,B
88.66341583989525,61.45378574236439,B
37.60523518062973,83.22296888325876,A
69.4122203118101,94.1672050346179,A
83.53331530501859,63.29931862490238,B
7.105101477492837,69.76573479089684,A
59.34393747882729,90.66039074203113,A
20.704084912863387,5.627736878561985,A
87.73447508131744,38.8825366127626,A
19.259799623790897,75.20346515995266,B
9.344387530574727,62.36879618149403,B
86.61076247828464,41.404683869551775,B
24.577743030961084,45.26250203823785,B
33.21797035415477,44.76846760344275,B
29.65641302193457,63.77638816185368,A
34.61684964339506,76.91260863563747,B
32.891394964222954,15.214851352692182,B
53.775159549039195,59.74728308936514,A
12.5878111065448,48.21433929122468,A
80.82200344674597,13.129209900313654,B
20.982379460408783,46.859780036791946,A
34.82243566256732,25.264908642355344,B
74.54664071193068,31.83103189955435,A
9.301013759908084,85.03419865430092,B
6.036568320780534,51.061807595330286,A
46.54944354352216,61.49694542536957,B
82.21805702975753,46.68753539876506,A
70.82910956233685,25.025430995804598,A
4.801376846027172,97.38397082636541,A
34.03597291475665,74.7681431242495,B
41.38048559269023,77.89176885902074,B
93.17334682397241,75.86964129499158,B
56.29955663766466,17.01357027635908,B
57.62312400994878,17.529064721611732,B
2.1051644482845355,97.37620500013334,B
56.64372348050099,74.86036045537952,A
57.93411583902065,55.491293237830085,B
86.97726941005672,36.32817154353572,A
6.511541302200907,9.68920926166621,B
22.531729337976625,36.64358813482826,B
55.27576823084305,76.58922424245449,A
47.74083273319872,41.424241761186394,B
87.83735343569225,48.83208921411061,A
38.929661233698866,88.11110731745408,B
75.35940579014601,45.45541769586373,B
18.001192841573477,90.320046916546,A
7.844191665625111,67.59255367500091,B
88.10499088368111,43.918776027695216,B
18.992223243060614,61.450381850448935,A
52.717888884023424,32.61144350271903,B
48.47854757512054,72.92463767577284,A
80.49498643829124,20.330599616464095,A
8.761743663326937,27.78124102671652,B
23.83433081846411,51.96163753404544,B
11.456865365271563,43.24980057613721,B
15.71537338545177,63.07009840292274,B
97.48820466158254,66.85325325071858,A
2.6898560679402883,18.227160545532595,A
27.53666612351997,52.05273100756488,A
56.37735251309316,29.133919502394622,A
32.581314946482664,57.07548303359737,A
2.2054876565570813,2.7456807952534024,B
37.37419979603703,77.3870295439911,A
88.44492851375392,57.65827240047769,B
34.53375725341438,16.85343096060662,A
55.953259478630024,96.48958050734467,B
20.31078740432517,45.64993344508396,B
18.534894735720474,52.0791089890164,A
91.6010671531407,31.935995591276555,A
90.7120636231311,64.60249713373283,A
39.128281627326224,9.258947192293366,B
40.11162979653119,52.09459853737988,B
25.319320746703433,98.52663134326797,B
47.13383501638162,73.52040709797217,A
30.214784507772528,90.5061931710117,B
50.90022919849324,25.72370876048369,B
90.96082659308628,89.89665159300628,A
66.12459259632307,63.65936127394269,B
43.75357988978508,32.12341997106949,A
15.977622625111543,60.5871509576741,A
77.67064744918436,94.74248122057863,A
56.43359133146316,75.50888201930364,B
25.909686556936883,23.91390894852273,B
58.06314485290089,22.3317493364268,B
0.4276235481821544,43.162713365855446,A
12.421367720237964,1.5390303904489477,A
28.947349320123163,92.17712045205191,B
69.8541075846382,50.84543701279637,B
57.35475053785868,48.64711462612933,A
93.95596818463228,69.55637595505173,B
90.72171521898368,31.129213473961304,A
39.48692145979346,14.400913544560968,A
60.51978759378693,67.5948923709683,B
6.376291532305045,98.91129302747349,A
46.973105702524954,77.66031227988302,A
18.91910640722295,74.09295752138979,B
98.32751649427152,59.277681367820776,A
45.0497587967144,96.11083845296412,A
28.728878965105707,66.44528551479418,A
52.65485614423753,59.292809651266865,A
0.7762424158927694,42.07270346318918,B
16.37386251811419,62.45607690228739,A
12.555552555745919,60.12150824443787,B
18.407224565090473,32.95927253583665,B
92.05035159162507,51.09888389768369,B
28.234480677634078,35.21413477733943,B
27.58796969431925,26.329943039202554,A
97.9888189932308,96.1378045451601,B
48.60457801788516,99.768186767275,B
66.10371498038096,95.90730951032657,A
85.6824917242061,59.88936514317128,A
20.474277238704673,94.30861330433854,A
60.90646163353707,37.006382081652276,B
35.25837171935128,82.9696972741746,B
68.76388887661581,27.160428899077292,A
30.88160332963662,75.89235607325058,B
64.10585137981634,90.60096948160019,B
0.18295093158936515,54.05255484988453,A
63.78366603386222,13.32498764411233,A
26.640455326225222,88.63327773578175,B
71.52516986926659,26.08302180036076,A
18.826308501496214,88.1942486533471,A
26.241872136760392,21.903199783948303,A
47.007639829112854,27.02569376447731,A
85.63048666077668,49.452079544030035,B
7.8005864928134105,13.931890053834127,A
93.24760449112361,86.06934374420638,A
15.997079710653395,22.272618101408582,A
78.81508057645428,47.240501484214484,A
40.144009144223205,26.712206254864725,B
67.9220827627938,63.69109117810121,A
73.53129025293518,36.01410715946176,B
18.73237857471449,24.464866040409937,A
59.97437208013254,67.37353209353046,B
85.33591061672051,77.45426178828765,A
63.08946669725739,71.44435340223437,B
16.866423560023247,69.8942910025864,A
39.190687469638,26.51508995894022,A
79.12559994348571,74.55306359735813,B
59.59461725090585,62.47372266258387,B
66.02897114253682,90.55354200218095,A
5.2077061701254035,0.6272751598630388,A
57.06439784801016,92.84185735763259,A
69.85238046018168,68.60107450363701,B
70.16570195957327,58.65021531374739,A
62.982663598943155,7.792282279860274,A
42.956382921901394,98.21539183112097,B
24.599144942487616,86.10095346743022,A
4.385736605954804,62.764951942849436,B
50.67989140761752,82.05312291320735,A
85.24226189808341,97.07482639825547,B
7.565401506768099,73.48815409945047,A
4.014882275436237,43.6915952615753,B
96.36596143246013,42.589023384639866,B
20.11556292073505,3.796148302843949,B
26.98634736322496,22.25258082462337,A
87.45407369717144,15.214701398944296,B
99.21434370463345,2.0115480955878784,B
0.7522428439277862,30.195707648131265,B
3.2970089651551127,26.145128666260387,B
9.882467695518383,91.4266741988243,A
92.66212191560332,54.83907533188873,B
55.52819138057321,29.22930091066227,A
80.71930451472524,32.06376716603041,A
35.716853533360236,29.424801937785116,A
1.519639531762007,65.03462439707415,B
26.87636500617041,10.418883849479798,B
37.35372001534761,69.36655732512877,B
57.34552648273493,5.20421025158041,A
79.75755937297465,30.630775598310255,A
49.66383267298839,26.47317202845535,B
22.04347976331913,14.292727206455025,B
57.89339408859268,65.50841723825394,B
13.948961861468412,58.35833711553501,B
38.50458816842908,24.55615490188574,B
28.641425963232603,87.0499370482199,A
57.472563857633695,35.896061406283906,B
12.076465563507766,14.986395240987271,B
41.42453826046651,35.15096316223912,B
15.632698740113515,37.604587654808576,A
54.37054267770171,65.63821571889797,B
82.63403955751868,13.763342937549151,A
31.056087601406666,49.52686846709439,B
14.965377423628112,44.6766736820733,A
85.84566791776422,28.39509165882108,B
67.63131211724672,25.694077548030492,A
49.785633268554655,46.61114333085982,B
88.51661659120462,69.6775128749211,A
41.1707900265837,52.34324294840804,B
83.61021008279045,46.15619418305729,A
13.261059493703764,93.84725935233358,B
69.46956504019883,1.652457539500074,A
72.4866115254003,39.591963307428735,A
55.75768331991371,45.778994928427686,A
52.9351406742688,35.89857130461069,A
11.553471590222507,94.60207384493911,B
4.205336141822935,22.324600433787587,B
30.744300391821454,49.03059446172294,A
80.96165326088378,86.41296119019486,A
31.4630456709194,2.4997983041724403,A
81.50897675636195,9.094669579747483,A
99.95008927036776,22.915922295067404,B
79.69918410223683,62.64463011696576,A
77.66682531791996,12.38535454978087,A
59.6080591110135,55.29362010838831,B
71.53717570771609,26.228256926235026,B
63.163497005213266,79.69515656713801,A
87.45635382949227,6.154534183028392,A
74.11986934136436,55.84160256913731,B
56.059807004792816,15.471568625884725,B
12.972825217940931,58.112082369482096,B
10.757062870243239,6.658422799354058,A
71.34964491793608,60.452762171744546,A
26.610266074799892,75.10850943670674,A
6.349755340249031,87.15099624826095,B
40.35502702720215,61.23030062048828,B
9.65845387610116,63.88944594249432,A
72.24783885563335,60.379812849423196,A
91.24316008311261,30.438947880810417,B
34.565926220665034,97.16557283875443,A
86.20419120689212,24.177719115093343,B
60.773682449302854,62.63653528252949,B
72.65271117648584,83.84953596675469,B
46.4506432818435,32.19273927069,A
65.23849571246014,85.75582816904947,B
8.550151526712547,51.04738464223395,B
19.582138913955593,64.23338393214357,A
51.97800607927603,70.23038343632798,A
93.01529039299172,32.85809981458363,B
32.72657066348719,73.22267774140788,A
62.025627212600874,13.95083257101566,A
47.948651930846175,83.41067800875567,B
45.87100703249871,86.33760967455852,B
13.299883740727614,31.751042772134397,A
6.3505308593494565,84.12577772515527,B
25.0948154907217,55.52752129650891,A
69.0580283207936,13.079307816865192,B
13.281174963036468,5.182035916133665,B
85.43718086334903,26.413181788152997,A
86.14573057135108,42.22227435146814,B
31.11416420533917,21.032136771102593,A
88.85086341998785,16.873375240574596,A
76.85816382032071,71.06568276358568,B
38.26567959968437,13.542374572847171,A
62.764195545003744,91.71616991115039,A
80.25714702250961,72.4797679335064,B
77.6064349974148,32.256789120840715,A
34.71366151278057,15.823800287661028,A
29.714282070495244,75.662076520257,A
21.894969527358366,85.01460020079107,B
81.15336813517672,45.66283444201499,B
29.62915010819144,14.333154515036384,A
66.00106087325285,57.42026013292113,B
83.02825009962486,69.6989802004836,B
50.08980536292435,30.11318580345129,A
55.34223994440496,73.77838375398598,B
88.68053113918153,49.282260861053906,A
5.228445653513281,49.61280642694682,A
34.763381371496685,4.439754615715885,A
49.14711377652164,99.06947170134977,B
9.53020410659552,59.99245316081678,A
16.732255334726332,47.74506011366303,A
80.40806989185751,75.59101577886138,A
52.07641032305662,69.80739992364123,A
75.13618940376341,45.5895776010429,B
43.055495494254906,19.073028999058028,A
28.66850150590665,67.18613102752525,A
80.4656786710831,83.05215167519387,B
82.63028101632838,99.60313779887393,A
99.71508441279411,49.13258915943124,A
89.94762011671499,42.55310594462279,A
33.37487985100231,53.76825503264981,A
11.122589034168096,10.823043690032108,B
13.754379268710636,1.2935685591250357,A
15.633509620695929,4.1084876580129155,B
18.018842848828232,56.15124087326786,B
49.013682204294476,22.283468494361912,A
91.88149416173526,78.45797655408782,B
7.8807188071191465,56.118986849346285,B
49.90190512490587,69.67545322913567,A
89.54684973891865,42.63881622602782,A
30.806084384068477,98.53701895667514,A
10.022963262007856,95.39841473652534,B
0.25474125824205274,2.1332030547064007,B
52.056390691813235,33.08085502155309,B
50.81107599279674,31.094440089796237,B
30.60099739460399,12.433267076456234,B
90.02662910761596,59.60465247676904,B
10.869912087299728,0.669369861283009,B
93.53493868225361,8.995321955603497,A
53.348515010668116,51.340320863296164,B
0.26683237865592346,87.6815328322991,B
51.67213044804381,30.697736693226197,B
31.813763544265903,98.91021944120888,A
10.529956083457181,12.518174367292733,B
71.14210905991935,78.9957303219511,A
29.745456682357606,5.291179202849494,A
60.40437583912176,60.277682807060415,A
34.55095424985145,53.36270842314814,B
3.2650143297146883,51.2212052769073,A
51.98319253125027,49.57726743896968,B
21.871127909048692,40.29489585333871,A
26.672924327625648,96.8932478183415,B
35.041034565232735,26.280401681467314,A
34.05557045122154,50.85527310591368,B
5.548870251744775,48.51053783392996,A
39.92403137810081,59.32046654274264,A
34.749358981851266,36.389641129142206,A
10.666409110587328,28.26743069618407,B
75.99112808610955,66.42671897382701,A
78.29108456199037,27.784054469902742,B
28.46475520081301,73.68555793025277,B
27.782395381762893,41.95906496875759,A
1.4852226921072686,78.60827345213852,A
98.81804826019942,72.14609536045191,B
94.22543953164026,41.59948112845178,B
0.19238699309869212,77.88747031433788,A
73.5087155331868,79.47585581131128,A
29.21342005991504,26.631440075007873,A
59.31210703845592,7.224228553748024,A
85.52174094821642,73.9251272247794,A
29.588879253057364,56.47091644992278,B
30.64208048107462,11.521167767336948,A
23.194365288865804,25.235270188390324,A
94.82918587990176,47.31982937066389,B
97.24714270027654,43.926879413389074,B
32.51592103772833,85.81905972667688,A
22.21872795083295,92.89746701857223,B
1.0373180331648024,29.256916421040835,A
50.73440224556317,21.62438373396326,A
90.81622808383153,78.04520391473902,A
66.12309891750057,28.93047904005962,A
32.74274507721341,68.34873305845774,B
77.80604137464529,52.681483991837815,B
59.692949456680545,74.45103589364406,B
58.56126148068358,20.70192462785855,B
38.13410691737543,90.27472806039046,A
76.53601601135314,14.041320594703954,B
10.167417049275196,14.874401306554008,B
45.15770761895062,33.19247280681,B
19.367992239074393,69.47106721455499,B
36.76470610254556,86.82351523432827,B
25.631944730943335,66.21543753847828,B
26.45719829806138,16.090490941116887,B
33.615702027847696,58.53270533425692,B
58.06538329630489,64.85425639536466,A
3.296769110982034,0.496497068226065,B
71.62167995659625,58.571993289615875,B
88.39610625821673,54.55806275200283,A
58.681273271694224,31.55023190599072,A
65.07716130848713,1.9600706839960402,A
98.7889534620227,59.23275608865344,A
49.34798522635199,55.634070390314946,A
90.68947152484655,10.528549506389284,A
7.131445257140578,39.11009397004015,B
28.62859431735796,14.769877728374981,A
68.35269944453454,99.34073488977644,A
11.092140819792407,4.905555451145538,A
27.13569362679351,32.80811158624677,A
40.620676750632036,94.31677381720853,A
85.25832782036812,88.76454644306358,A
8.805293996492992,91.62318837258775,A
40.36266725268345,98.38752988997153,B
54.20417851116696,56.12591581856001,B
17.007388715793393,7.890255823267478,A
55.25257850348244,26.820108725343328,A
33.77951378467671,72.93153214339885,A
72.47374410851842,14.64642207049922,B
32.8077350982378,80.9163914558086,B
33.53841567561046,52.23896185865924,A
10.804472283659173,17.796051261496913,A
88.9326065350661,85.73011598455591,B
26.182198919743605,47.00380700296054,B
93.42729951750005,68.73864214745713,B
80.94766796430912,4.002983239313873,B
53.60556943279732,32.12959041922754,B
58.904490025604005,82.84792334486515,B
0.8153957122599143,29.394973752224264,B
62.140580301660165,10.688935669779875,B
86.72216209121174,78.16192842786126,A
27.554450745977288,55.93511461083095,A
9.768418101115106,88.33614527922656,B
9.346317210695155,13.01882790467438,B
3.440234220438021,89.9631148058949,B
62.763114644054795,44.60701703792505,A
16.524526391541894,0.4630412105029236,B
51.949902073488715,4.597947100139432,A
13.963512915126309,21.272203269117306,B
66.1387289698757,55.57975659687553,A
48.895338667149026,50.009983645905585,B
27.762117327005463,42.64641990405092,B
76.07999581877816,27.429771403849944,B
33.500175494987985,55.018614047865576,B
37.138401939581954,73.57464411541176,B
81.48424507637739,19.650860429788143,B
30.199886383106445,78.20210118194358,B
41.399959846438605,5.148442036915135,A
18.23961729903426,41.29211673213593,A
87.9780527227728,71.08962831541648,A
47.848910916019406,72.91949288774829,B
18.563047237918116,23.993627402158037,A
15.125723282441983,57.962044283474555,A
33.3644651129701,53.83174300221623,A
95.51399737749334,75.84594538390857,B
67.69795083229184,77.56424471187343,A
64.63950427610993,3.9009659700010024,B
70.20507697964592,41.58900035561236,A
42.26844474911356,90.09366136384054,B
57.03704520287736,45.585903807569316,A
81.85516799478566,57.530507557717804,A
19.215746013244594,26.074437727927535,B
56.64913602349551,62.71241540205404,A
75.31794299922042,96.2279064567791,B
99.72506672953367,92.91401670194676,B
54.59300929440486,84.53947630550601,B
75.98600000699868,39.80896625898838,B
48.802710535353775,20.93541693209289,B
13.800212565204784,14.784671008600014,A
94.13011661494502,11.664376625231299,A
64.4811891111473,33.35822137052315,A
20.24986260098328,79.37673604872066,B
98.8240419470543,63.08768521359747,A
23.337354013928834,22.661882003853286,B
32.42789265689768,83.64717996269763,B
48.425227150690844,35.91560319888251,B
40.48715626021564,25.591010153429437,A
66.56138564561412,19.36830231357023,A
61.654237386135215,88.05634847456894,A
28.885140565305957,76.54140203137007,A
41.683650362787716,95.23597821067577,A
41.73598683350684,36.32477474845961,B
11.81107036427187,50.50071930991786,B
67.17200129532749,19.02996169170329,B
95.10959013085811,32.018786769556776,A
69.34621975595736,20.408340005126647,B
3.592433099345471,91.76456822484664,A
73.51904169304528,11.517412357688773,A
69.1061308225752,10.240390384605247,B
42.55205377499174,38.59963642877558,B
87.33844367305981,39.143114806678305,A
31.946163900437984,43.600653607243345,A
9.844501817547702,61.26727911883364,A
29.643193328895546,54.71142765913799,A
16.59880089305672,40.97965275831819,A
54.5039784693658,80.9278577557768,A
37.85016611684835,52.662682939678795,B
53.82627470226905,96.32738574489728,A
34.10357928745347,20.694143181432644,B
96.2217459343092,63.35938956267957,B
17.09454277267739,87.21355854492414,B
43.43119965441055,25.86663871930288,B
98.33305950864603,48.9420150123741,A
63.516919306548814,49.85356793176447,A
14.375448198653217,66.4804449771377,A
57.89326290974572,98.00118755692647,B
89.58378941790883,39.346203188622574,B
5.922534081693365,83.147319125723,B
42.820584184138866,49.11567205105462,B
92.1689521328024,40.62635146358853,A
22.244108716930413,93.05164882850056,A
57.26553337509246,2.983456304014942,A
28.965374368585294,67.82362625601289,B
15.084845920085332,68.03170999576984,A
25.126789416727103,45.250564357417474,B
92.41506701804224,9.046012590560226,B
31.515683743334666,93.3393647232054,B
48.94333554465079,5.060200272813686,B
56.47053484924383,31.487393983188095,A
97.2019429720621,72.38123099983913,B
15.698266242831016,87.252979740872,B
85.4192969393639,58.715038795361096,A
47.83415623053341,0.9948535754519594,B
6.386210290383765,70.11982688639374,B
11.011006549728563,10.181415242505043,A
5.6160163818562925,70.75861181671962,A
96.37290757253793,6.853663279477695,A
88.3816924632677,46.93809459241267,A
46.58019832349486,21.927857696515808,B
73.58975190492049,24.532420110504482,B
16.6256035592631,49.32876086166308,A
55.78165764795322,74.81807770420119,A
67.1864484250609,66.40746293916948,A
77.76418493593653,33.321226705187456,A
28.049376853845708,31.3189262617508,A
43.15810479960509,24.82872726410722,A
64.8277839371443,9.864062671415263,A
17.42848192229528,0.7845501117714759,B
33.9176111657419,87.41254314662692,B
44.24529082961792,2.237098502315693,A
52.07763825234335,26.27860488251126,A
92.35179401391065,92.38705745046613,B
23.40480789018905,70.6032474960879,A
14.110816530353476,70.42499163212247,A
58.82088623785929,2.4897460974104724,A
38.5307026239621,38.74176792538707,A
82.059389859792,21.753629694563248,A
1.555105583478289,90.4145038013448,B
10.887316694123328,87.2726986561973,A
89.18801906567352,31.771291778719846,B
15.630156148894226,83.79202629729986,B
61.696010112101085,97.19130026142474,B
54.950498522104986,53.580786969160165,A
92.32921918839324,87.2443241007035,B
92.90130307939543,0.0456048403415954,A
10.764736735917712,42.52607494092323,B
94.35593683555153,29.86898355221198,A
8.072788084125005,16.06215041993083,A
50.09790185071397,12.694557410366647,B
88.17341904944453,73.3178719587586,B
18.123372329479114,11.63676116109258,B
55.93614369894312,13.461286191267519,A
72.5848138668026,53.39403234244325,A
53.4635453807154,3.3421601086397135,B
98.78855079884839,56.06633836031475,A
34.48034101004546,67.05957395791884,B
51.79646210873986,41.130610665997345,A
2.139855173712568,58.40324910093071,B
74.7878960500192,24.312595905595636,B
47.28608190288396,26.733057110116608,A
67.65206916966865,27.759141409593457,B
44.502408341770106,19.860592028373137,B
54.68400725994248,82.82002584066879,B
22.135098988129197,38.51029709411461,A
38.22723551579019,77.45853411783433,A
0.5693198310469993,6.506945709425082,A
66.03670962394986,70.5511201302669,A
41.373494937977426,65.04834338937464,B
26.629239519447122,61.40520103054232,B
5.860641828777324,75.0124039036891,B
15.313586255474798,12.208404746162692,B
5.554496783277674,24.139018912605735,A
2.291616480435099,81.71952112583826,A
82.91111395787757,76.29419330279578,A
32.65102195847148,48.14333717672065,B
93.0695711906546,7.922866687112851,A
3.0421739868753295,98.83843969215408,A
25.62057093207383,83.97800372786807,A
47.68267700925982,41.718535254583614,B
35.94241654973859,9.383276261558526,A
84.42509427262688,14.092072933154952,A
57.23536133897079,11.917708367206725,A
10.620606610201676,7.793753887654075,A
93.0880861695109,55.21195968542104,B
88.74533265617742,51.06070773225735,A
85.52992000518041,80.53846393221845,A
90.6093454577572,25.414492255601594,B
93.78670086639978,37.23654845322335,B
36.15122627520111,98.52151720312999,B
83.61342566757432,14.842139727110371,A
55.754109247334725,75.45572807614701,B
7.260257857713947,71.95025298920869,B
62.11980725060261,47.8613222118076,A
54.867541688031906,16.73420488446623,A
79.96863410261025,41.380484477739856,B
72.3307062182554,63.47990870566639,B
68.13524558527328,6.5003070338176645,A
56.80155562077406,85.39844319243797,A
90.56813495785204,3.511936687986972,A
81.93952180576467,3.852845948715,A
13.152942902087727,43.03115684955764,A
34.362759397262124,68.2427618007485,A
70.0128118734366,56.63666240439616,A
20.251386225437262,94.43136533374394,A
64.99925349484549,88.9337945661107,B
34.93573990092004,9.099964059842659,A
32.80656141318289,3.987226328413185,A
2.685073028301066,72.132838584113,B
72.78241236160386,25.161201801985634,A
32.163527058512805,11.331787371137958,B
77.52350303350354,50.15250777258793,B
73.46846862301257,49.26283007262662,B
89.91648821317686,23.892289371849827,A
7.060951874898247,10.568883633664782,B
28.92498076365795,98.34584692618864,A
57.68947645527819,62.23272460428121,A
26.635986585772898,60.18377125532465,B
25.059053844169853,46.46128132470852,A
42.45009516694127,9.273155669106291,B
43.84429250656549,10.34042444232136,B
94.49147701392914,91.59079334555241,A
80.74515094167094,14.9311783120461,A
98.242329293683,36.76736882351255,B
50.44185210528097,6.401562962870456,A
58.92348826858854,34.3098045572509,A
60.67258648081214,85.33526829337647,A
71.38778844428718,35.566261932349065,B
84.30966357050761,96.41800384652134,B
7.2898445476474505,37.03651686655629,B
73.31127017174252,78.12308552197437,B
60.55902799615336,33.87648059899081,B
34.48529128638861,9.679478621239513,A
99.3260570361105,80.66109738106948,B
16.024478580005706,74.3886290322308,A
57.60473773988658,29.4086447043602,B
46.71942901942059,94.30909624436663,A
12.601926193813195,55.10768166910561,A
57.90799970523748,53.45208506446257,A
12.299742889865383,4.293976974925995,B
58.33328485148298,15.713514329648515,B
11.760608827171481,8.91557056944362,B
77.70535698189367,12.343970222183643,A
71.72350720516523,52.45840213277453,B
72.06805909817874,22.869227498350696,A
26.451037923697708,49.974561523709504,A
18.707585663849024,50.34378207475936,A
30.773197202270687,53.405519150901895,A
2.0353842588765825,37.63981788023884,A
41.832310951514884,64.64933769308567,A
20.86373774947162,29.087806838045193,B
75.81716091979509,61.486314826279084,B
30.72310135836186,59.105006266603496,A
62.72770752016593,62.36471830482267,A
97.62467719236017,90.81586755317912,B
21.213123753918595,60.55931886774327,B
88.61454942319537,36.963130048158476,A
38.614057931941836,85.76163895671307,B
80.2129335852357,38.94186294611234,A
45.281763251301555,69.15961537325725,B
65.11077467393986,24.01357514754653,B
84.3086982046413,42.038999573396396,B
22.009736167010985,89.32291455378412,A
18.854969489661844,74.85874934813711,B
76.23885053478972,38.100960542471505,B
2.59665487492865,94.30931040305978,B
24.326027716958887,84.33147578247345,A
87.82928007858773,37.99640520371545,B
97.3673767477202,11.535144431380361,B
34.53161651031647,9.761315012128268,A
80.37823209145711,78.99206317596843,A
15.716725099401952,8.748303711760318,A
61.34377727697051,90.40914928081041,B
32.85364923467083,89.99933426424116,A
96.05604855506914,16.431530737320976,B
69.02689919023632,8.08294377002101,B
21.17711366180458,21.045536877307068,B
84.96822574931286,23.149376171595925,A
87.3141722162398,37.79409566151083,B
96.30739118866285,69.75516456804372,A
21.60196258752236,92.57553928906383,A
70.86610500237686,74.38270047534353,B
10.140496659021625,43.29592004251276,B
9.80975563138201,54.945749057583406,A
72.08027950808975,26.032169182472554,B
47.68047096273281,89.28418940007741,B
31.366900003675724,46.667083100237924,A
17.317410744086104,67.95693201355058,A
29.33203113841143,82.6493229545904,A
67.77041731964614,43.47474520357735,B
34.54611759347696,33.430794887630185,A
73.41680332938373,30.855759582347076,B
25.299231546602343,84.34484861879436,A
20.19620002382865,98.82076113264887,B
24.81549179332473,29.664529235898318,B
71.80295848998757,24.012098774698288,A
84.9741992314184,51.46596615964823,A
88.16801953535244,0.2775543977068362,A
22.28752834103981,39.650357330012234,B
42.228938580476715,92.2413900484919,A
50.786287974024056,36.56584100047291,B
97.85511698631315,66.45471193364855,A
68.78923843876885,43.17153235482887,A
45.124919242427616,91.12310900030364,B
3.2050446215328376,66.66343861833327,A
91.29916300017739,75.01942943325423,A
54.54762688996965,48.86521832637799,B
90.51567136484103,63.08799830123699,B
33.78003901636208,71.13821799644863,A
12.287812689049925,17.34433704295123,A
56.01459878281708,36.68379527741548,A
1.4205641863850094,13.837217131340672,B
12.05957152183148,89.81896534236778,B
69.82848692932636,72.53428866529698,B
53.20444431635036,34.92084083115821,B
41.36891512494051,98.80804690234388,B
49.171247830019496,5.055327085620442,B
5.518070677405751,76.18683056325875,A
45.17244001227814,53.22289574852479,B
19.115554879767426,35.76623950310852,A
82.59061676102158,85.26328299925778,B
57.37183091597339,73.06889806235257,B
7.0883833428378225,68.3514086125872,B
29.566389931249304,6.137631894272189,B
38.67177288772668,37.79139342688082,B
25.43123108190318,59.50322659532651,B
93.76824544332409,95.81002000835383,B
23.469749019761522,1.3504403321719316,A
15.337352744283262,32.31660525362873,A
46.22969261612248,38.87348656154516,B
53.25192273952345,7.5399465518633075,B
68.57245532406873,47.58697128434519,A
36.396138860321784,8.350982242586834,B
15.705574520674492,64.24819878659834,A
33.26500971235936,88.02663454527554,B
81.44126239354105,13.323137217337589,B
93.01211039866394,79.00879847211066,A
19.746450394063476,1.381218664439876,A
38.09797537603412,84.97135034924264,A
61.58038035581808,49.76629023760618,B
61.57924196734608,71.84286813387067,B
39.36593921380557,67.81886987259261,A
15.772405109867005,45.24209805398935,A
36.68107871926445,27.88697387345911,B
48.50313085947312,99.39728479314252,A
26.229621692015748,44.54896224501284,B
4.629698401154569,15.450569392316627,B
93.32294464155642,15.283661633535516,B
70.0002983960782,4.099864422556198,A
54.75102891750575,53.7349364034992,A
37.82381264067668,19.0608883594805,A
8.625410960039193,78.04095638423824,B
5.435368199422896,25.000541102835015,A
24.96249824996486,97.86388667595456,B
86.43497646099534,4.105121476991169,B
70.65083721056304,59.98344311392088,B
64.39926522163823,33.22764162140251,B
85.33809308239859,55.33142822213013,B
62.753707493446655,26.812695859958357,B
42.870431871131906,11.705592790775688,B
40.878837609973374,15.838476795667988,B
2.2899657419296116,23.117542901753595,A
94.11935734090831,7.9046045739054165,B
78.43167239428378,7.62056982279673,A
1.3907155688885897,95.88850097477051,A
74.84120311272872,50.54373415994205,B
2.1293269429555672,89.14623244024156,A
55.831861729545665,27.16086009939508,A
32.85569221307815,30.66243323024931,B
83.03658042049027,32.13105312000896,B
11.751332177590246,90.31270806214104,B
83.45347154545179,33.38585450419943,B
86.06566767229161,43.18894684763305,A
33.38535044241146,73.39930804713521,A
40.90522518976631,74.61555477180384,A
34.78369738012377,82.34087619622723,B
74.32377682457007,94.47227467111533,A
46.55560839295612,65.51506545274167,B
19.66220999090108,50.96823610874378,A
82.31368350717145,4.170182071061024,A
29.276003396974094,94.88926702215298,A
82.4857375352123,17.60725991387644,B
93.09202420693924,27.097107024830613,B
18.40853661717429,79.25393568486086,B
91.39645815422023,69.78045781620246,A
95.19245009733258,86.31689151628815,B
81.07846591857984,76.66687903664469,B
50.884249608334095,54.426519922391556,A
78.83579718821042,61.73937122274258,A
22.943233100959837,17.369784651171692,B
42.1216375960023,92.10012529206001,A
87.50537979868191,98.21167461409853,A
53.68722369542909,58.286960779822714,B
58.39906218162068,92.77587575895721,A
4.048610664595776,3.622271033353952,A
39.83500222412094,19.983483044680707,B
37.40533447194396,69.3580914721422,A
61.56994039638282,7.36460706880756,A
62.32295660791956,22.876746711622808,B
43.7030346733829,1.5259946570944094,A
0.9631679848679742,71.3786658071501,A
69.79136275013454,89.79765967654087,B
44.78067651486612,77.81423005264658,B
27.546384979581763,71.32443233763854,B
8.205224417771584,5.072810249344483,B
85.46132890997309,20.787549989548694,B
9.356593117820712,70.3370557180539,B
6.897094252992398,99.65359755289361,A
8.963146870532102,36.18888470668728,B
14.039286599568456,4.629517583992282,B
66.50533748697363,92.31395373577006,A
44.83650377872115,11.998516116949599,A
49.30841154352542,46.240161449877114,B
70.84233430256653,22.210016261555566,B
96.26771350585204,70.91375053103197,B
63.362804317101684,99.03427155801235,B
11.140205831737958,97.93584961207597,B
30.418189191242316,61.62886622879489,A
31.111945721531555,55.44950646912882,A
16.338443529369172,39.808851022930625,A
93.48082036933334,84.0323607441269,B
68.80540818738272,26.99889484763943,B
73.0173372016186,50.80279104087714,B
78.39308185410093,32.72624783478678,B
63.48475901344004,19.980877847353284,A
0.1701006032820085,82.56899721314105,A
26.945350379273727,34.85900502473767,A
32.18662013977737,79.3817088945681,B
62.773391971025916,15.002796200073764,A
34.350539001301115,24.77792667582406,A
83.47922759589956,63.962139452752766,A
6.76814721966622,33.56521779468172,A
44.87776029209775,8.891127257837594,A
81.9486801308175,37.12295679187528,A
15.313899911843798,52.61388433811819,A
7.912339744378983,23.942603423559373,B
52.8400400926982,74.70454463838318,B
40.2387353083604,71.14839832354536,A
73.57871002756806,41.48583334715325,A
88.53243104483019,37.86948367668585,B
6.888435286000838,19.983811791422447,A
64.37790434008467,70.23455340729701,B
56.534560820271274,8.404998787549822,B
12.238786019126934,50.75274333127824,B
71.25246183317161,33.7713569807047,B
33.5925702058648,56.80587855132683,B
4.935073881463337,61.31063238277241,B
15.095058355521672,82.10029243334549,A
62.0177382708676,25.863355507064057,A
86.50936840022462,42.065859785035265,A
75.2535558027157,45.757982219830836,B
3.2584257666163685,64.89558467233392,A
63.719399034944836,72.11297587502192,B
94.65015593501994,68.48053871531333,A
98.04508879358228,75.66615152901646,A
46.93577903186406,93.22583747487595,B
37.378070124161354,1.5509061794304002,B
54.90676117969424,38.941341733145386,B
43.52583585252726,48.40260709027784,B
74.13455890628968,50.47414512696913,B
46.004075336962615,47.65750108047037,A
69.95544450645335,72.25170289299353,A
32.99727751485181,43.52411733519554,A
47.83552452804609,71.32180197526324,A
99.69823626641526,37.63153651851342,A
8.90452990927264,30.25469898683695,B
95.44330917709358,9.824515662354404,B
23.765123694194457,21.539481368466163,B
79.61444168923045,10.366854146797277,A
49.509958546089514,85.51224762233518,B
75.38141256746306,24.65401121981926,A
1.575197744634771,37.18704867349366,B
29.295081500891207,77.52863042901606,A
43.004194003411826,11.00276608412326,A
16.793692323004038,79.12363212504607,A
23.822320959888376,46.157889175934116,A
57.217599557164704,17.11273029656415,A
43.35153923446635,69.67116722256833,B
64.22752752947085,8.219087871706055,A
1.936671388519795,17.791630661746694,A
68.24801881893957,7.4601550639703635,B
88.67830983933462,88.68844069379446,B
6.682186416774927,84.69896331233748,A
47.49932562047611,37.160766574492165,B
25.301241079333014,40.42078577645396,A
6.058504056652369,18.59588313040077,A
3.3671930835428965,86.66131541763153,A
87.3488464256321,23.513392428902723,A
76.14657054588528,27.366545503687632,B
62.727003030679725,20.211791632330044,B
47.182605119324975,97.32109292211375,B
64.6623771075751,50.64421581592946,B
29.786778417993098,5.9308340110404085,A
57.63590273854333,68.37212701741416,B
83.40522630455317,12.06231680707952,A
80.79427362937902,94.23799732388893,A
68.34917415681126,53.18516758617954,B
13.022095167577497,44.844820107570484,A
